
-- Extra
INSERT INTO public.precio_con_fecha_extra_sub_tipo_evento (desde,hasta,precio,salon_id,extra_sub_tipo_evento_id)
	VALUES ('2022-01-01 00:00:00.000','2022-04-30 23:59:00.000',1,1,1);
INSERT INTO public.precio_con_fecha_extra_sub_tipo_evento (desde,hasta,precio,salon_id,extra_sub_tipo_evento_id)
	VALUES ('2022-05-01 00:00:00.000','2022-07-31 23:59:00.000',2,1,1);
INSERT INTO public.precio_con_fecha_extra_sub_tipo_evento (desde,hasta,precio,salon_id,extra_sub_tipo_evento_id)
	VALUES ('2022-08-01 00:00:00.000','2022-10-31 23:59:00.000',3,1,1);
INSERT INTO public.precio_con_fecha_extra_sub_tipo_evento (desde,hasta,precio,salon_id,extra_sub_tipo_evento_id)
	VALUES ('2022-11-01 00:00:00.000','2022-12-31 23:59:00.000',4,1,1);
INSERT INTO public.precio_con_fecha_extra_sub_tipo_evento (desde,hasta,precio,salon_id,extra_sub_tipo_evento_id)
	VALUES ('2023-01-01 00:00:00.000','2023-04-30 23:59:00.000',5,1,1);
INSERT INTO public.precio_con_fecha_extra_sub_tipo_evento (desde,hasta,precio,salon_id,extra_sub_tipo_evento_id)
	VALUES ('2023-05-01 00:00:00.000','2023-06-30 23:59:00.000',6,1,1);
INSERT INTO public.precio_con_fecha_extra_sub_tipo_evento (desde,hasta,precio,salon_id,extra_sub_tipo_evento_id)
	VALUES ('2023-07-01 00:00:00.000','2023-10-31 23:59:00.000',7,1,1);
INSERT INTO public.precio_con_fecha_extra_sub_tipo_evento (desde,hasta,precio,salon_id,extra_sub_tipo_evento_id)
	VALUES ('2023-11-01 00:00:00.000','2023-12-31 23:59:00.000',8,1,1);
INSERT INTO public.precio_con_fecha_extra_sub_tipo_evento (desde,hasta,precio,salon_id,extra_sub_tipo_evento_id)
	VALUES ('2024-01-01 00:00:00.000','2024-04-30 23:59:00.000',9,1,1);
INSERT INTO public.precio_con_fecha_extra_sub_tipo_evento (desde,hasta,precio,salon_id,extra_sub_tipo_evento_id)
	VALUES ('2024-05-01 00:00:00.000','2024-07-31 23:59:00.000',10,1,1);
INSERT INTO public.precio_con_fecha_extra_sub_tipo_evento (desde,hasta,precio,salon_id,extra_sub_tipo_evento_id)
	VALUES ('2024-08-01 00:00:00.000','2024-10-31 23:59:00.000',11,1,1);
INSERT INTO public.precio_con_fecha_extra_sub_tipo_evento (desde,hasta,precio,salon_id,extra_sub_tipo_evento_id)
	VALUES ('2024-11-01 00:00:00.000','2024-12-31 23:59:00.000',12,1,1);



-- Extra variable
INSERT INTO public.precio_con_fecha_extra_variable_sub_tipo_evento (desde,hasta,precio,salon_id,extra_variable_sub_tipo_evento_id)
	VALUES ('2022-01-01 00:00:00.000','2022-04-30 23:59:00.000',1,1,1);
INSERT INTO public.precio_con_fecha_extra_variable_sub_tipo_evento (desde,hasta,precio,salon_id,extra_variable_sub_tipo_evento_id)
	VALUES ('2022-05-01 00:00:00.000','2022-07-31 23:59:00.000',2,1,1);
INSERT INTO public.precio_con_fecha_extra_variable_sub_tipo_evento (desde,hasta,precio,salon_id,extra_variable_sub_tipo_evento_id)
	VALUES ('2022-08-01 00:00:00.000','2022-10-31 23:59:00.000',3,1,1);
INSERT INTO public.precio_con_fecha_extra_variable_sub_tipo_evento (desde,hasta,precio,salon_id,extra_variable_sub_tipo_evento_id)
	VALUES ('2022-11-01 00:00:00.000','2022-12-31 23:59:00.000',4,1,1);
INSERT INTO public.precio_con_fecha_extra_variable_sub_tipo_evento (desde,hasta,precio,salon_id,extra_variable_sub_tipo_evento_id)
	VALUES ('2023-01-01 00:00:00.000','2023-04-30 23:59:00.000',5,1,1);
INSERT INTO public.precio_con_fecha_extra_variable_sub_tipo_evento (desde,hasta,precio,salon_id,extra_variable_sub_tipo_evento_id)
	VALUES ('2023-05-01 00:00:00.000','2023-06-30 23:59:00.000',6,1,1);
INSERT INTO public.precio_con_fecha_extra_variable_sub_tipo_evento (desde,hasta,precio,salon_id,extra_variable_sub_tipo_evento_id)
	VALUES ('2023-07-01 00:00:00.000','2023-10-31 23:59:00.000',7,1,1);
INSERT INTO public.precio_con_fecha_extra_variable_sub_tipo_evento (desde,hasta,precio,salon_id,extra_variable_sub_tipo_evento_id)
	VALUES ('2023-11-01 00:00:00.000','2023-12-31 23:59:00.000',8,1,1);
INSERT INTO public.precio_con_fecha_extra_variable_sub_tipo_evento (desde,hasta,precio,salon_id,extra_variable_sub_tipo_evento_id)
	VALUES ('2024-01-01 00:00:00.000','2024-04-30 23:59:00.000',9,1,1);
INSERT INTO public.precio_con_fecha_extra_variable_sub_tipo_evento (desde,hasta,precio,salon_id,extra_variable_sub_tipo_evento_id)
	VALUES ('2024-05-01 00:00:00.000','2024-07-31 23:59:00.000',10,1,1);
INSERT INTO public.precio_con_fecha_extra_variable_sub_tipo_evento (desde,hasta,precio,salon_id,extra_variable_sub_tipo_evento_id)
	VALUES ('2024-08-01 00:00:00.000','2024-10-31 23:59:00.000',11,1,1);
INSERT INTO public.precio_con_fecha_extra_variable_sub_tipo_evento (desde,hasta,precio,salon_id,extra_variable_sub_tipo_evento_id)
	VALUES ('2024-11-01 00:00:00.000','2024-12-31 23:59:00.000',12,1,1);



-- Tipo catering
INSERT INTO public.precio_con_fecha_tipo_catering  (desde,hasta,precio,salon_id,tipo_catering_id)
	VALUES ('2022-01-01 00:00:00.000','2022-04-30 23:59:00.000',1,1,1);
INSERT INTO public.precio_con_fecha_tipo_catering (desde,hasta,precio,salon_id,tipo_catering_id)
	VALUES ('2022-05-01 00:00:00.000','2022-07-31 23:59:00.000',2,1,1);
INSERT INTO public.precio_con_fecha_tipo_catering (desde,hasta,precio,salon_id,tipo_catering_id)
	VALUES ('2022-08-01 00:00:00.000','2022-10-31 23:59:00.000',3,1,1);
INSERT INTO public.precio_con_fecha_tipo_catering (desde,hasta,precio,salon_id,tipo_catering_id)
	VALUES ('2022-11-01 00:00:00.000','2022-12-31 23:59:00.000',4,1,1);
INSERT INTO public.precio_con_fecha_tipo_catering (desde,hasta,precio,salon_id,tipo_catering_id)
	VALUES ('2023-01-01 00:00:00.000','2023-04-30 23:59:00.000',5,1,1);
INSERT INTO public.precio_con_fecha_tipo_catering (desde,hasta,precio,salon_id,tipo_catering_id)
	VALUES ('2023-05-01 00:00:00.000','2023-06-30 23:59:00.000',6,1,1);
INSERT INTO public.precio_con_fecha_tipo_catering (desde,hasta,precio,salon_id,tipo_catering_id)
	VALUES ('2023-07-01 00:00:00.000','2023-10-31 23:59:00.000',7,1,1);
INSERT INTO public.precio_con_fecha_tipo_catering (desde,hasta,precio,salon_id,tipo_catering_id)
	VALUES ('2023-11-01 00:00:00.000','2023-12-31 23:59:00.000',8,1,1);
INSERT INTO public.precio_con_fecha_tipo_catering (desde,hasta,precio,salon_id,tipo_catering_id)
	VALUES ('2024-01-01 00:00:00.000','2024-04-30 23:59:00.000',9,1,1);
INSERT INTO public.precio_con_fecha_tipo_catering (desde,hasta,precio,salon_id,tipo_catering_id)
	VALUES ('2024-05-01 00:00:00.000','2024-07-31 23:59:00.000',10,1,1);
INSERT INTO public.precio_con_fecha_tipo_catering (desde,hasta,precio,salon_id,tipo_catering_id)
	VALUES ('2024-08-01 00:00:00.000','2024-10-31 23:59:00.000',11,1,1);
INSERT INTO public.precio_con_fecha_tipo_catering (desde,hasta,precio,salon_id,tipo_catering_id)
	VALUES ('2024-11-01 00:00:00.000','2024-12-31 23:59:00.000',12,1,1);

-- Extra Variable catering
INSERT INTO public.precio_con_fecha_extra_variable_catering  (desde,hasta,precio,salon_id,extra_variable_catering_id)
	VALUES ('2022-01-01 00:00:00.000','2022-04-30 23:59:00.000',1,1,1);
INSERT INTO public.precio_con_fecha_extra_variable_catering (desde,hasta,precio,salon_id,extra_variable_catering_id)
	VALUES ('2022-05-01 00:00:00.000','2022-07-31 23:59:00.000',2,1,1);
INSERT INTO public.precio_con_fecha_extra_variable_catering (desde,hasta,precio,salon_id,extra_variable_catering_id)
	VALUES ('2022-08-01 00:00:00.000','2022-10-31 23:59:00.000',3,1,1);
INSERT INTO public.precio_con_fecha_extra_variable_catering (desde,hasta,precio,salon_id,extra_variable_catering_id)
	VALUES ('2022-11-01 00:00:00.000','2022-12-31 23:59:00.000',4,1,1);
INSERT INTO public.precio_con_fecha_extra_variable_catering (desde,hasta,precio,salon_id,extra_variable_catering_id)
	VALUES ('2023-01-01 00:00:00.000','2023-04-30 23:59:00.000',5,1,1);
INSERT INTO public.precio_con_fecha_extra_variable_catering (desde,hasta,precio,salon_id,extra_variable_catering_id)
	VALUES ('2023-05-01 00:00:00.000','2023-06-30 23:59:00.000',6,1,1);
INSERT INTO public.precio_con_fecha_extra_variable_catering (desde,hasta,precio,salon_id,extra_variable_catering_id)
	VALUES ('2023-07-01 00:00:00.000','2023-10-31 23:59:00.000',7,1,1);
INSERT INTO public.precio_con_fecha_extra_variable_catering (desde,hasta,precio,salon_id,extra_variable_catering_id)
	VALUES ('2023-11-01 00:00:00.000','2023-12-31 23:59:00.000',8,1,1);
INSERT INTO public.precio_con_fecha_extra_variable_catering (desde,hasta,precio,salon_id,extra_variable_catering_id)
	VALUES ('2024-01-01 00:00:00.000','2024-04-30 23:59:00.000',9,1,1);
INSERT INTO public.precio_con_fecha_extra_variable_catering (desde,hasta,precio,salon_id,extra_variable_catering_id)
	VALUES ('2024-05-01 00:00:00.000','2024-07-31 23:59:00.000',10,1,1);
INSERT INTO public.precio_con_fecha_extra_variable_catering (desde,hasta,precio,salon_id,extra_variable_catering_id)
	VALUES ('2024-08-01 00:00:00.000','2024-10-31 23:59:00.000',11,1,1);
INSERT INTO public.precio_con_fecha_extra_variable_catering (desde,hasta,precio,salon_id,extra_variable_catering_id)
	VALUES ('2024-11-01 00:00:00.000','2024-12-31 23:59:00.000',12,1,1);



-- Sub Tipo evento
INSERT INTO public.precio_con_fecha_sub_tipo_evento  (desde,hasta,precio,salon_id,sub_tipo_evento_id)
	VALUES ('2022-01-01 00:00:00.000','2022-04-30 23:59:00.000',1,1,1);
INSERT INTO public.precio_con_fecha_sub_tipo_evento (desde,hasta,precio,salon_id,sub_tipo_evento_id)
	VALUES ('2022-05-01 00:00:00.000','2022-07-31 23:59:00.000',2,1,1);
INSERT INTO public.precio_con_fecha_sub_tipo_evento (desde,hasta,precio,salon_id,sub_tipo_evento_id)
	VALUES ('2022-08-01 00:00:00.000','2022-10-31 23:59:00.000',3,1,1);
INSERT INTO public.precio_con_fecha_sub_tipo_evento (desde,hasta,precio,salon_id,sub_tipo_evento_id)
	VALUES ('2022-11-01 00:00:00.000','2022-12-31 23:59:00.000',4,1,1);
INSERT INTO public.precio_con_fecha_sub_tipo_evento (desde,hasta,precio,salon_id,sub_tipo_evento_id)
	VALUES ('2023-01-01 00:00:00.000','2023-04-30 23:59:00.000',5,1,1);
INSERT INTO public.precio_con_fecha_sub_tipo_evento (desde,hasta,precio,salon_id,sub_tipo_evento_id)
	VALUES ('2023-05-01 00:00:00.000','2023-06-30 23:59:00.000',6,1,1);
INSERT INTO public.precio_con_fecha_sub_tipo_evento (desde,hasta,precio,salon_id,sub_tipo_evento_id)
	VALUES ('2023-07-01 00:00:00.000','2023-10-31 23:59:00.000',7,1,1);
INSERT INTO public.precio_con_fecha_sub_tipo_evento (desde,hasta,precio,salon_id,sub_tipo_evento_id)
	VALUES ('2023-11-01 00:00:00.000','2023-12-31 23:59:00.000',8,1,1);
INSERT INTO public.precio_con_fecha_sub_tipo_evento (desde,hasta,precio,salon_id,sub_tipo_evento_id)
	VALUES ('2024-01-01 00:00:00.000','2024-04-30 23:59:00.000',9,1,1);
INSERT INTO public.precio_con_fecha_sub_tipo_evento (desde,hasta,precio,salon_id,sub_tipo_evento_id)
	VALUES ('2024-05-01 00:00:00.000','2024-07-31 23:59:00.000',10,1,1);
INSERT INTO public.precio_con_fecha_sub_tipo_evento (desde,hasta,precio,salon_id,sub_tipo_evento_id)
	VALUES ('2024-08-01 00:00:00.000','2024-10-31 23:59:00.000',11,1,1);
INSERT INTO public.precio_con_fecha_sub_tipo_evento (desde,hasta,precio,salon_id,sub_tipo_evento_id)
	VALUES ('2024-11-01 00:00:00.000','2024-12-31 23:59:00.000',12,1,1);
